Test_name	Program_args	Time_to_start_wasm_runtime_miliseconds	Timings_miliseconds	Avg_with_first_run	Avg_no_first_run
return_0		43.140000000130385ms	0.06499999994412065ms 0.014999999897554517ms 0.01500000013038516ms 0.010000000009313226ms	0.026249999995343387ms	0.013333333345750967ms
cpu_single_thread_no_op_loop	1000000	156.19999999995343ms	5.875ms 2.165000000037253ms 2.0899999998509884ms 2.040000000037253ms	3.0424999999813735ms	2.098333333308498ms
prime_number	919393	89.125ms	5.6399999998975545ms 2.330000000074506ms 2.3549999999813735ms 2.294999999925494ms	3.154999999969732ms	2.326666666660458ms
prime_number	2147483647	58.794999999925494ms	4906.264999999898ms 4902.479999999981ms 4894.229999999981ms 4900.649999999907ms	4900.906249999942ms	4899.119999999956ms
matrix_addition_single_multi	10000 10 1 multi	85.93999999994412ms	2.2400000002235174ms 0.5800000000745058ms 0.4249999998137355ms 0.3850000000093132ms	0.907500000030268ms	0.46333333329918486ms
cpu_multi_thread_no_op_loop	1000000000 12	122.92000000015832ms	6498.97499999986ms 2747.0400000000373ms 2736.054999999935ms 2733.590000000084ms	3678.914999999979ms	2738.8950000000186ms
prime_number_multi	2147483647 12	109.49499999987893ms	23710.28500000015ms 8707.01500000013ms 8761.159999999916ms 8712.169999999925ms	12472.65750000003ms	8726.781666666657ms
fibonnaci_multi	999999999 12	61.08500000019558ms	16898.76000000001ms 5228.965000000084ms 5103.715000000084ms 5214.635000000009ms	8111.518750000047ms	5182.438333333393ms

